hizb,verses,words,letters,from,to
1,81,1211,5206,1:1,2:74
2,66,1307,5453,2:75,2:140
3,60,1291,5543,2:141,2:200
4,50,1288,5483,2:201,2:250
5,49,1272,5215,2:251,3:14
6,76,1335,5588,3:15,3:90
7,80,1370,5851,3:91,3:170
8,53,1151,4911,3:171,4:23
9,62,1293,5520,4:24,4:85
10,61,1286,5500,4:86,4:146
11,53,1218,5305,4:147,5:24
12,59,1285,5460,5:25,5:83
13,75,1426,5961,5:84,6:36
14,75,1348,5506,6:37,6:111
15,59,1181,4888,6:112,7:3
16,83,1385,5897,7:4,7:86
17,84,1366,5914,7:87,7:170
18,76,1121,4832,7:171,8:40
19,69,1259,5464,8:41,9:33
20,60,1130,5001,9:34,9:93
21,62,1275,5380,9:94,10:25
22,89,1382,5603,10:26,11:5
23,77,1275,5076,11:6,11:82
24,91,1418,5782,11:83,12:52
25,79,1331,5379,12:53,13:20
26,78,1283,5332,13:21,14:54
27,149,1305,5573,15:1,16:50
28,78,1193,4941,16:51,16:128
29,98,1371,5764,17:1,17:98
30,85,1313,5420,17:99,18:73
31,131,1412,5679,18:74,19:99
32,134,1335,5320,20:1,20:134
33,111,1169,4958,21:1,21:111
34,76,1274,5227,22:1,22:76
35,139,1332,5584,23:1,24:20
36,62,1309,5596,24:21,25:20
37,167,1280,5428,25:21,26:110
38,173,1330,5599,26:111,27:57
39,88,1303,5263,27:58,28:50
40,83,1251,5279,28:51,29:45
41,103,1458,6076,29:46,31:20
42,73,1124,4716,31:21,33:30
43,66,1189,5068,33:31,34:23
44,103,1448,5945,34:24,36:26
45,200,1210,5183,36:27,37:144
46,154,1418,5844,37:145,39:30
47,82,1259,5153,39:31,40:40
48,89,1260,5334,40:41,41:45
49,80,1221,4903,41:46,43:22
50,159,1447,6125,43:23,45:36
51,90,1477,6309,46:1,48:17
52,105,1135,4805,48:18,51:30
53,193,1224,5039,51:31,54:55
54,204,1303,5842,55:1,57:28
55,72,1486,6419,58:1,61:14
56,64,1132,4865,62:1,66:12
57,209,1334,5598,67:1,71:30
58,221,1328,5527,72:1,77:50
59,275,1115,4745,78:1,86:17
60,291,1193,4948,87:1,114:6
