juz,verses,words,letters,from,to
1,147,2518,10659,1:1,2:140
2,110,2579,11026,2:141,2:250
3,125,2607,10803,2:251,3:90
4,133,2521,10762,3:91,4:23
5,123,2579,11020,4:24,4:146
6,112,2503,10765,4:147,5:83
7,150,2774,11467,5:84,6:111
8,142,2566,10785,6:112,7:86
9,160,2487,10746,7:87,8:40
10,129,2389,10465,8:41,9:93
11,151,2657,10983,9:94,11:5
12,168,2693,10858,11:6,12:52
13,157,2614,10711,12:53,14:54
14,227,2498,10514,15:1,16:128
15,183,2684,11184,17:1,18:73
16,265,2747,10999,18:74,20:134
17,187,2443,10185,21:1,22:76
18,201,2641,11180,23:1,25:20
19,340,2610,11027,25:21,27:57
20,171,2554,10542,27:58,29:45
21,176,2582,10792,29:46,33:30
22,169,2637,11013,33:31,36:26
23,354,2628,11027,36:27,39:30
24,171,2519,10487,39:31,41:45
25,239,2668,11028,41:46,45:36
26,195,2612,11114,46:1,51:30
27,397,2527,10881,51:31,57:28
28,136,2618,11284,58:1,66:12
29,430,2662,11125,67:1,77:50
30,566,2308,9693,78:1,114:6
