rank,letter,count,percent
1,ا,42161,12.968
2,ل,38098,11.718
3,ن,27279,8.39
4,م,26733,8.222
5,و,25486,7.839
6,ي,22481,6.915
7,ه,14847,4.567
8,ر,12402,3.815
9,ب,11485,3.532
10,ت,10542,3.242
11,ك,10497,3.229
12,ع,9405,2.893
13,ف,8748,2.691
14,ق,7034,2.163
15,أ,6179,1.9
16,س,6009,1.848
17,د,5992,1.843
18,ذ,4932,1.517
19,إ,4241,1.304
20,ح,4138,1.273
21,ج,3317,1.02
22,ء,2596,0.798
23,ى,2573,0.791
24,خ,2497,0.768
25,ة,2346,0.722
26,ش,2124,0.653
27,ص,2074,0.638
28,ض,1686,0.519
29,ز,1598,0.492
30,ث,1415,0.435
31,ط,1273,0.392
32,غ,1221,0.376
33,ظ,853,0.262
34,ئ,678,0.209
35,ؤ,185,0.057
