page,verses,words,letters,from,to
1,7,25,120,1:1,1:7
2,4,36,160,2:1,2:4
3,11,127,560,2:5,2:15
4,8,134,564,2:16,2:23
5,5,125,500,2:24,2:28
6,8,138,589,2:29,2:36
7,11,129,603,2:37,2:47
8,9,120,544,2:48,2:56
9,4,125,540,2:57,2:60
10,8,134,554,2:61,2:68
11,7,141,575,2:69,2:75
12,7,119,517,2:76,2:82
13,5,115,537,2:83,2:87
14,5,121,509,2:88,2:92
15,8,123,508,2:93,2:100
16,4,123,513,2:101,2:104
17,7,139,514,2:105,2:111
18,7,132,542,2:112,2:118
19,7,146,610,2:119,2:125
20,8,132,556,2:126,2:133
21,7,134,544,2:134,2:140
22,4,132,555,2:141,2:144
23,8,121,547,2:145,2:152
24,10,130,561,2:153,2:162
25,6,136,568,2:163,2:168
26,7,133,545,2:169,2:175
27,5,126,590,2:176,2:180
28,5,123,500,2:181,2:185
29,4,122,538,2:186,2:189
30,6,155,673,2:190,2:195
31,5,113,466,2:196,2:200
32,8,123,510,2:201,2:208
33,5,141,604,2:209,2:213
34,4,124,523,2:214,2:217
35,5,122,561,2:218,2:222
36,6,150,622,2:223,2:228
37,3,142,630,2:229,2:231
38,4,132,571,2:232,2:235
39,8,116,492,2:236,2:243
40,3,127,492,2:244,2:246
41,4,111,478,2:247,2:250
42,5,147,573,2:251,2:255
43,3,134,525,2:256,2:258
44,5,136,547,2:259,2:263
45,5,120,521,2:264,2:268
46,5,110,463,2:269,2:273
47,7,134,550,2:274,2:280
48,1,128,546,2:281,2:281
49,4,136,549,2:282,2:285
50,9,135,531,3:1,3:9
51,6,116,512,3:10,3:15
52,7,116,531,3:16,3:22
53,7,145,559,3:23,3:29
54,8,145,591,3:30,3:37
55,8,131,546,3:38,3:45
56,6,127,530,3:46,3:51
57,9,123,538,3:52,3:60
58,9,134,564,3:61,3:69
59,7,139,569,3:70,3:76
60,6,124,529,3:77,3:82
61,8,127,529,3:83,3:90
62,10,141,567,3:91,3:100
63,8,129,587,3:101,3:108
64,7,118,528,3:109,3:115
65,6,130,554,3:116,3:121
66,11,126,559,3:122,3:132
67,8,114,519,3:133,3:140
68,8,132,567,3:141,3:148
69,5,102,437,3:149,3:153
70,4,146,584,3:154,3:157
71,8,142,553,3:158,3:165
72,8,133,588,3:166,3:173
73,7,143,591,3:174,3:180
74,6,118,504,3:181,3:186
75,8,127,560,3:187,3:194
76,6,118,496,3:195,3:200
77,6,139,628,4:1,4:6
78,5,131,554,4:7,4:11
79,3,119,426,4:12,4:14
80,5,114,520,4:15,4:19
81,4,99,440,4:20,4:23
82,3,114,493,4:24,4:26
83,7,115,485,4:27,4:33
84,4,109,502,4:34,4:37
85,7,145,618,4:38,4:44
86,6,130,550,4:45,4:50
87,8,143,617,4:51,4:58
88,6,119,505,4:59,4:64
89,9,127,544,4:65,4:73
90,5,153,649,4:74,4:78
91,7,138,557,4:79,4:85
92,5,135,600,4:86,4:90
93,3,115,472,4:91,4:93
94,7,144,645,4:94,4:100
95,4,119,543,4:101,4:104
96,8,131,521,4:105,4:112
97,8,120,494,4:113,4:120
98,6,126,512,4:121,4:126
99,7,130,543,4:127,4:133
100,6,138,598,4:134,4:139
101,7,128,572,4:140,4:146
102,7,131,567,4:147,4:153
103,8,138,611,4:154,4:161
104,8,124,539,4:162,4:169
105,5,123,544,4:170,4:174
106,4,125,525,4:175,5:3
107,3,135,604,5:4,5:6
108,4,116,527,5:7,5:10
109,4,107,488,5:11,5:14
110,5,108,434,5:15,5:19
111,6,132,564,5:20,5:25
112,8,130,532,5:26,5:33
113,5,124,506,5:34,5:38
114,5,125,505,5:39,5:43
115,4,113,508,5:44,5:47
116,5,136,586,5:48,5:52
117,7,149,672,5:53,5:59
118,7,148,646,5:60,5:66
119,6,129,557,5:67,5:72
120,7,149,591,5:73,5:79
121,6,108,476,5:80,5:85
122,7,126,559,5:86,5:92
123,5,130,573,5:93,5:97
124,8,137,569,5:98,5:105
125,5,142,610,5:106,5:110
126,5,127,544,5:111,5:115
127,7,158,610,5:116,5:122
128,9,123,512,6:1,6:9
129,10,132,514,6:10,6:19
130,9,157,642,6:20,6:28
131,8,147,611,6:29,6:36
132,9,140,568,6:37,6:45
133,8,139,560,6:46,6:53
134,7,136,528,6:54,6:60
135,8,142,578,6:61,6:68
136,6,128,520,6:69,6:74
137,8,132,523,6:75,6:82
138,9,119,534,6:83,6:91
139,4,144,593,6:92,6:95
140,7,135,562,6:96,6:102
141,9,133,540,6:103,6:111
142,8,130,546,6:112,6:119
143,6,130,551,6:120,6:125
144,6,117,506,6:126,6:131
145,7,113,464,6:132,6:138
146,5,115,497,6:139,6:143
147,4,130,516,6:144,6:147
148,5,127,519,6:148,6:152
149,6,126,539,6:153,6:158
150,9,155,599,6:159,6:167
151,10,109,470,7:1,7:10
152,11,147,619,7:11,7:21
153,7,134,590,7:22,7:28
154,7,147,610,7:29,7:35
155,7,138,582,7:36,7:42
156,8,137,615,7:43,7:50
157,6,132,546,7:51,7:56
158,10,133,533,7:57,7:66
159,6,123,514,7:67,7:72
160,8,115,500,7:73,7:80
161,6,108,469,7:81,7:86
162,8,140,595,7:87,7:94
163,9,121,524,7:95,7:103
164,16,129,524,7:104,7:119
165,10,124,545,7:120,7:129
166,8,120,543,7:130,7:137
167,6,124,523,7:138,7:143
168,6,123,524,7:144,7:149
169,6,135,573,7:150,7:155
170,4,112,518,7:156,7:159
171,4,107,476,7:160,7:163
172,7,131,569,7:164,7:170
173,8,127,553,7:171,7:178
174,9,144,590,7:179,7:187
175,8,135,558,7:188,7:195
176,11,125,535,7:196,7:206
177,8,105,475,8:1,8:8
178,8,124,540,8:9,8:16
179,9,124,538,8:17,8:25
180,8,122,545,8:26,8:33
181,7,115,498,8:34,8:40
182,6,119,533,8:41,8:46
183,7,123,525,8:47,8:53
184,9,134,548,8:54,8:62
185,8,133,547,8:63,8:70
186,6,135,594,8:71,8:76
187,6,121,539,9:1,9:6
188,7,113,506,9:7,9:13
189,7,127,568,9:14,9:20
190,6,111,509,9:21,9:26
191,5,114,474,9:27,9:31
192,5,112,497,9:32,9:36
193,4,118,495,9:37,9:40
194,7,111,528,9:41,9:47
195,7,117,478,9:48,9:54
196,7,121,538,9:55,9:61
197,7,109,495,9:62,9:68
198,5,106,513,9:69,9:73
199,7,124,542,9:74,9:80
200,7,137,590,9:81,9:87
201,7,123,531,9:88,9:94
202,6,121,527,9:95,9:100
203,7,124,563,9:101,9:107
204,5,126,531,9:108,9:112
205,6,120,500,9:113,9:118
206,5,131,542,9:119,9:123
207,7,112,460,9:124,9:130
208,6,125,513,10:1,10:6
209,8,122,547,10:7,10:14
210,6,133,514,10:15,10:20
211,5,142,598,10:21,10:25
212,8,135,581,10:26,10:33
213,9,158,598,10:34,10:42
214,11,144,579,10:43,10:53
215,8,147,555,10:54,10:61
216,9,126,496,10:62,10:70
217,8,139,599,10:71,10:78
218,10,134,585,10:79,10:88
219,9,131,552,10:89,10:97
220,9,140,564,10:98,10:106
221,8,128,494,10:107,11:5
222,7,130,520,11:6,11:12
223,7,137,554,11:13,11:19
224,9,133,557,11:20,11:28
225,9,143,573,11:29,11:37
226,8,140,550,11:38,11:45
227,8,141,530,11:46,11:53
228,8,153,607,11:54,11:61
229,9,130,530,11:62,11:70
230,10,148,569,11:71,11:80
231,8,126,525,11:81,11:88
232,9,127,529,11:89,11:97
233,11,136,536,11:98,11:108
234,9,132,542,11:109,11:117
235,8,112,475,11:118,12:4
236,10,133,539,12:5,12:14
237,8,123,538,12:15,12:22
238,8,135,508,12:23,12:30
239,7,142,582,12:31,12:37
240,6,128,525,12:38,12:43
241,9,144,569,12:44,12:52
242,11,133,570,12:53,12:63
243,6,139,543,12:64,12:69
244,9,133,515,12:70,12:78
245,8,133,521,12:79,12:86
246,9,124,510,12:87,12:95
247,8,138,550,12:96,12:103
248,8,130,529,12:104,12:111
249,6,117,477,13:1,13:6
250,8,132,530,13:7,13:14
251,6,152,634,13:15,13:20
252,9,145,628,13:21,13:29
253,6,153,583,13:30,13:35
254,8,140,569,13:36,13:43
255,8,101,415,13:44,14:7
256,6,120,512,14:8,14:13
257,8,122,508,14:14,14:21
258,5,129,530,14:22,14:26
259,9,126,541,14:27,14:35
260,9,130,533,14:36,14:44
261,10,117,513,14:45,14:54
262,15,110,469,15:1,15:15
263,16,128,541,15:16,15:31
264,20,127,511,15:32,15:51
265,19,124,529,15:52,15:70
266,20,120,563,15:71,15:90
267,15,102,443,15:91,16:6
268,8,111,482,16:7,16:14
269,12,124,524,16:15,16:26
270,8,127,567,16:27,16:34
271,8,136,545,16:35,16:42
272,12,141,574,16:43,16:54
273,10,136,578,16:55,16:64
274,8,148,594,16:65,16:72
275,7,133,516,16:73,16:79
276,8,117,518,16:80,16:87
277,6,122,521,16:88,16:93
278,9,124,525,16:94,16:102
279,8,112,463,16:103,16:110
280,8,125,517,16:111,16:118
281,10,131,534,16:119,16:128
282,7,106,475,17:1,17:7
283,10,135,603,17:8,17:17
284,10,130,551,17:18,17:27
285,11,144,585,17:28,17:38
286,11,147,631,17:39,17:49
287,9,133,558,17:50,17:58
288,8,126,544,17:59,17:66
289,9,132,546,17:67,17:75
290,11,136,546,17:76,17:86
291,10,141,547,17:87,17:96
292,8,134,567,17:97,17:104
293,10,127,531,17:105,18:4
294,11,134,542,18:5,18:15
295,5,126,540,18:16,18:20
296,7,135,541,18:21,18:27
297,7,136,589,18:28,18:34
298,10,152,583,18:35,18:44
299,8,129,577,18:45,18:52
300,8,132,559,18:53,18:60
301,13,149,569,18:61,18:73
302,9,138,571,18:74,18:82
303,11,160,612,18:83,18:93
304,12,153,637,18:94,18:105
305,10,110,404,19:1,19:10
306,14,128,515,19:11,19:24
307,13,138,548,19:25,19:37
308,14,145,568,19:38,19:51
309,13,146,608,19:52,19:64
310,13,136,556,19:65,19:77
311,19,125,528,19:78,19:96
312,14,115,462,19:97,20:11
313,25,134,524,20:12,20:36
314,14,151,578,20:37,20:50
315,13,131,552,20:51,20:63
316,12,152,603,20:64,20:75
317,11,147,606,20:76,20:86
318,10,126,479,20:87,20:96
319,14,139,550,20:97,20:110
320,13,134,516,20:111,20:123
321,11,139,582,20:124,20:134
322,10,104,454,21:1,21:10
323,14,137,564,21:11,21:24
324,11,127,534,21:25,21:35
325,9,116,488,21:36,21:44
326,13,125,531,21:45,21:57
327,14,117,518,21:58,21:71
328,9,113,516,21:72,21:80
329,9,112,467,21:81,21:89
330,11,109,440,21:90,21:100
331,11,109,446,21:101,21:111
332,5,123,468,22:1,22:5
333,10,150,570,22:6,22:15
334,6,129,528,22:16,22:21
335,7,116,502,22:22,22:28
336,8,136,577,22:29,22:36
337,8,123,530,22:37,22:44
338,9,129,544,22:45,22:53
339,9,120,479,22:54,22:62
340,8,135,532,22:63,22:70
341,6,113,497,22:71,22:76
342,17,111,480,23:1,23:17
343,10,143,585,23:18,23:27
344,15,141,595,23:28,23:42
345,18,133,584,23:43,23:60
346,15,136,566,23:61,23:75
347,15,129,529,23:76,23:90
348,15,131,518,23:91,23:105
349,14,126,520,23:106,23:119
350,10,138,607,24:1,24:10
351,10,144,600,24:11,24:20
352,7,127,606,24:21,24:27
353,4,132,563,24:28,24:31
354,5,159,694,24:32,24:36
355,6,145,553,24:37,24:42
356,9,136,567,24:43,24:51
357,5,129,584,24:52,24:56
358,3,118,489,24:57,24:59
359,5,116,495,24:60,25:2
360,9,126,525,25:3,25:11
361,9,121,520,25:12,25:20
362,12,124,562,25:21,25:32
363,11,118,524,25:33,25:43
364,12,134,543,25:44,25:55
365,12,129,541,25:56,25:67
366,10,113,482,25:68,25:77
367,18,133,536,26:1,26:18
368,20,133,555,26:19,26:38
369,22,134,596,26:39,26:60
370,23,126,538,26:61,26:83
371,28,141,577,26:84,26:111
372,25,136,565,26:112,26:136
373,23,131,544,26:137,26:159
374,24,137,577,26:160,26:183
375,23,128,547,26:184,26:206
376,20,119,514,26:207,26:226
377,13,138,567,27:1,27:13
378,9,130,561,27:14,27:22
379,14,134,569,27:23,27:36
380,10,159,624,27:37,27:46
381,11,113,505,27:47,27:57
382,8,124,508,27:58,27:65
383,13,142,549,27:66,27:78
384,12,143,575,27:79,27:90
385,9,112,470,27:91,28:4
386,8,125,503,28:5,28:12
387,8,146,581,28:13,28:20
388,8,133,516,28:21,28:28
389,7,128,520,28:29,28:35
390,8,119,504,28:36,28:43
391,7,131,537,28:44,28:50
392,9,131,551,28:51,28:59
393,11,131,574,28:60,28:70
394,7,133,545,28:71,28:77
395,7,139,563,28:78,28:84
396,9,123,472,28:85,29:5
397,8,122,560,29:6,29:13
398,9,129,529,29:14,29:22
399,8,120,502,29:23,29:30
400,8,112,491,29:31,29:38
401,7,111,492,29:39,29:45
402,7,121,515,29:46,29:52
403,11,129,580,29:53,29:63
404,10,109,469,29:64,30:4
405,10,124,554,30:5,30:14
406,9,118,502,30:15,30:23
407,8,127,524,30:24,30:31
408,9,139,577,30:32,30:40
409,9,142,584,30:41,30:49
410,10,136,549,30:50,30:59
411,10,116,481,31:1,31:10
412,8,146,548,31:11,31:18
413,9,145,569,31:19,31:27
414,6,139,529,31:28,31:33
415,11,131,492,32:1,32:11
416,9,126,552,32:12,32:20
417,10,115,490,32:21,32:30
418,6,116,513,33:1,33:6
419,9,133,597,33:7,33:15
420,7,146,608,33:16,33:22
421,8,124,559,33:23,33:30
422,5,102,520,33:31,33:35
423,8,147,599,33:36,33:43
424,7,124,550,33:44,33:50
425,4,140,547,33:51,33:54
426,8,127,574,33:55,33:62
427,11,128,606,33:63,33:73
428,7,120,471,34:1,34:7
429,7,142,568,34:8,34:14
430,8,137,549,34:15,34:22
431,9,132,535,34:23,34:31
432,8,136,578,34:32,34:39
433,9,148,583,34:40,34:48
434,9,132,498,34:49,35:3
435,8,151,607,35:4,35:11
436,7,129,544,35:12,35:18
437,12,127,542,35:19,35:30
438,8,128,536,35:31,35:38
439,7,151,607,35:39,35:45
440,12,108,455,35:46,36:11
441,15,128,544,36:12,36:26
442,13,129,541,36:27,36:39
443,14,140,557,36:40,36:53
444,16,122,521,36:54,36:69
445,13,122,492,36:70,36:82
446,24,125,539,37:1,37:24
447,27,135,575,37:25,37:51
448,25,123,543,37:52,37:76
449,26,135,570,37:77,37:102
450,24,106,513,37:103,37:126
451,27,116,532,37:127,37:153
452,29,121,538,37:154,37:182
453,15,138,541,38:1,38:15
454,10,145,598,38:16,38:25
455,16,138,593,38:26,38:41
456,19,133,568,38:42,38:60
457,22,149,590,38:61,38:82
458,10,118,475,38:83,39:6
459,5,146,575,39:7,39:11
460,9,150,606,39:12,39:20
461,10,137,560,39:21,39:30
462,7,123,492,39:31,39:37
463,7,129,524,39:38,39:44
464,9,137,539,39:45,39:53
465,11,120,509,39:54,39:64
466,7,125,534,39:65,39:71
467,7,109,477,39:72,40:6
468,9,124,524,40:7,40:15
469,10,124,530,40:16,40:25
470,8,141,531,40:26,40:33
471,7,127,493,40:34,40:40
472,9,125,518,40:41,40:49
473,9,109,488,40:50,40:58
474,8,118,479,40:59,40:66
475,10,130,520,40:67,40:76
476,8,128,541,40:77,40:84
477,10,114,500,41:1,41:10
478,9,134,596,41:11,41:19
479,9,134,597,41:20,41:28
480,9,122,525,41:29,41:37
481,8,146,570,41:38,41:45
482,8,144,531,41:46,41:53
483,8,125,502,42:1,42:8
484,5,134,548,42:9,42:13
485,7,128,519,42:14,42:20
486,9,145,586,42:21,42:29
487,12,147,612,42:30,42:41
488,7,139,538,42:42,42:48
489,11,108,446,42:49,43:9
490,12,130,537,43:10,43:21
491,11,133,575,43:22,43:32
492,14,125,537,43:33,43:46
493,14,128,525,43:47,43:60
494,13,117,526,43:61,43:73
495,16,131,557,43:74,43:89
496,17,111,452,44:1,44:17
497,20,131,565,44:18,44:37
498,19,104,434,44:38,44:56
499,12,143,576,45:1,45:12
500,9,127,559,45:13,45:21
501,10,161,651,45:22,45:31
502,9,126,515,45:32,46:4
503,9,153,609,46:5,46:13
504,6,144,608,46:14,46:19
505,8,141,587,46:20,46:27
506,7,136,547,46:28,46:34
507,12,139,623,47:1,47:12
508,8,152,646,47:13,47:20
509,10,122,531,47:21,47:30
510,9,126,585,47:31,47:39
511,9,104,500,48:1,48:9
512,6,136,579,48:10,48:15
513,8,137,585,48:16,48:23
514,5,129,564,48:24,48:28
515,5,117,523,48:29,49:4
516,7,143,629,49:5,49:11
517,7,141,601,49:12,49:18
518,15,120,490,50:1,50:15
519,20,153,599,50:16,50:35
520,16,114,467,50:36,51:6
521,24,136,578,51:7,51:30
522,21,143,602,51:31,51:51
523,21,114,467,51:52,52:12
524,17,131,560,52:13,52:29
525,18,134,542,52:30,52:47
526,26,138,527,53:1,53:26
527,17,151,582,53:27,53:43
528,24,108,462,53:44,54:6
529,21,138,588,54:7,54:27
530,22,135,584,54:28,54:49
531,22,98,452,54:50,55:16
532,24,125,576,55:17,55:40
533,28,119,555,55:41,55:68
534,27,91,416,55:69,56:18
535,35,122,553,56:19,56:53
536,26,122,559,56:54,56:79
537,23,114,473,56:80,57:3
538,8,152,618,57:4,57:11
539,6,137,621,57:12,57:17
540,6,131,569,57:18,57:23
541,5,124,575,57:24,57:28
542,6,121,515,58:1,58:6
543,5,151,644,58:7,58:11
544,9,149,630,58:12,58:20
545,4,116,499,58:21,59:3
546,6,136,590,59:4,59:9
547,7,130,552,59:10,59:16
548,8,114,507,59:17,59:24
549,5,139,622,60:1,60:5
550,6,152,667,60:6,60:11
551,7,119,498,60:12,61:5
552,9,159,695,61:6,61:14
553,8,118,509,62:1,62:8
554,7,119,522,62:9,63:4
555,7,118,510,63:5,63:11
556,9,135,583,64:1,64:9
557,9,106,486,64:10,64:18
558,5,134,538,65:1,65:5
559,7,153,642,65:6,65:12
560,7,125,532,66:1,66:7
561,5,124,543,66:8,66:12
562,13,131,541,67:1,67:13
563,14,151,590,67:14,67:27
564,20,122,479,67:28,68:16
565,26,148,636,68:17,68:42
566,17,122,523,68:43,69:7
567,28,143,624,69:8,69:35
568,27,116,486,69:36,70:10
569,30,141,613,70:11,70:40
570,14,120,513,70:41,71:10
571,20,140,593,71:11,71:30
572,13,136,522,72:1,72:13
573,15,150,574,72:14,72:28
574,17,121,519,73:1,73:17
575,19,132,558,73:18,74:18
576,28,155,613,74:19,74:46
577,27,126,517,74:47,75:18
578,26,126,514,75:19,76:5
579,20,147,665,76:6,76:25
580,25,107,477,76:26,77:19
581,31,128,568,77:20,77:50
582,30,105,487,78:1,78:30
583,26,119,522,78:31,79:16
584,29,128,533,79:17,79:45
585,40,127,517,80:1,80:40
586,31,110,459,80:41,81:29
587,23,98,415,82:1,83:4
588,29,136,586,83:5,83:33
589,27,113,471,83:34,84:24
590,23,118,503,84:25,85:22
591,27,98,401,86:1,87:10
592,31,112,462,87:11,88:22
593,28,117,478,88:23,89:24
594,26,108,454,89:25,90:18
595,26,90,414,90:19,92:9
596,25,91,382,92:10,94:2
597,26,99,402,94:3,96:12
598,18,105,437,96:13,98:5
599,17,94,398,98:6,100:5
600,24,92,387,100:6,102:8
601,17,70,300,103:1,105:5
602,14,52,231,106:1,108:3
603,14,68,256,109:1,111:5
604,15,58,198,112:1,114:6
