number,name_ar,name_en,verses,words,letters,first_page,last_page,first_juz,avg_words_per_verse,avg_letters_per_word
1,الفَاتِحة,Al-Fātiḥah,7,25,120,1,1,1,3.57,4.8
2,البَقَرَة,Al-Baqarah,285,6117,25839,2,49,1,21.46,4.22
3,آل عِمران,Āl-‘Imrān,200,3481,14723,50,76,3,17.4,4.23
4,النِّسَاء,An-Nisā’,175,3747,16039,77,106,4,21.41,4.28
5,المَائدة,Al-Mā’idah,122,2804,11996,106,127,6,22.98,4.28
6,الأنعَام,Al-An‘ām,167,3050,12522,128,150,7,18.26,4.11
7,الأعرَاف,Al-A‘rāf,206,3320,14198,151,176,8,16.12,4.28
8,الأنفَال,Al-Anfāl,76,1234,5343,177,186,9,16.24,4.33
9,التوبَة,At-Taubah,130,2498,10926,187,207,10,19.22,4.37
10,يُونس,Yūnus,109,1833,7496,208,221,11,16.82,4.09
11,هُود,Hūd,121,1917,7700,221,235,11,15.84,4.02
12,يُوسُف,Yūsuf,111,1777,7175,235,248,12,16.01,4.04
13,الرَّعد,Ar-Ra‘d,44,854,3484,249,255,13,19.41,4.08
14,إبراهِيم,Ibrāhīm,54,830,3489,255,261,13,15.37,4.2
15,الحِجر,Al-Ḥijr,99,654,2818,262,267,14,6.61,4.31
16,النَّحل,An-Naḥl,128,1844,7696,267,281,14,14.41,4.17
17,الإسرَاء,Al-Isrā’,110,1556,6537,282,293,15,14.15,4.2
18,الكَهف,Al-Kahf,105,1579,6467,293,304,15,15.04,4.1
19,مَريَم,Maryam,99,961,3859,305,312,16,9.71,4.02
20,طه,Ṭā-Hā,134,1335,5320,312,321,16,9.96,3.99
21,الأنبيَاء,Al-Anbiyā’,111,1169,4958,322,331,17,10.53,4.24
22,الحج,Al-Ḥajj,76,1274,5227,332,341,17,16.76,4.1
23,المؤمنُون,Al-Mu’minūn,119,1050,4377,342,349,18,8.82,4.17
24,النور,An-Nūr,62,1316,5645,350,359,18,21.23,4.29
25,الفُرقَان,Al-Furqān,77,893,3810,359,366,18,11.6,4.27
26,الشعراء,Ash-Shu‘arā’,226,1318,5549,367,376,19,5.83,4.21
27,النَّمل,An-Naml,95,1150,4726,377,385,19,12.11,4.11
28,القَصَص,Al-Qaṣaṣ,88,1430,5842,385,396,20,16.25,4.09
29,العَنكبُوت,Al-‘Ankabūt,69,976,4242,396,404,20,14.14,4.35
30,الرُّوم,Ar-Rūm,59,817,3412,404,410,21,13.85,4.18
31,لُقمَان,Luqmān,33,546,2127,411,414,21,16.55,3.9
32,السَّجدة,As-Sajdah,30,372,1534,415,417,21,12.4,4.12
33,الأحزَاب,Al-Aḥzāb,73,1287,5673,418,427,21,17.63,4.41
34,سَبإ,Saba’,54,883,3536,428,434,22,16.35,4
35,فَاطِر,Fāṭir,46,775,3179,434,440,22,16.85,4.1
36,يسٓ,Yā-Sīn,82,724,3013,440,445,22,8.83,4.16
37,الصَّافَات,Aṣ-Ṣāffāt,182,861,3810,446,452,23,4.73,4.43
38,صٓ,Ṣād,86,733,3007,453,458,23,8.52,4.1
39,الزُّمَر,Az-Zumar,72,1172,4772,458,467,23,16.28,4.07
40,غَافِر,Ghāfir,84,1218,5026,467,476,24,14.5,4.13
41,فُصِّلَت,Fuṣṣilat,53,794,3319,477,482,24,14.98,4.18
42,الشُّوري,Ash-Shūra,50,860,3463,483,489,25,17.2,4.03
43,الزُّخرُف,Az-Zukhruf,89,830,3545,489,495,25,9.33,4.27
44,الدُّخان,Ad-Dukhān,56,346,1451,496,498,25,6.18,4.19
45,الجاثِية,Al-Jāthiyah,36,488,2038,499,502,25,13.56,4.18
46,الأحقَاف,Al-Aḥqāf,34,643,2614,502,506,26,18.91,4.07
47,مُحمد,Muḥammad,39,539,2385,507,510,26,13.82,4.42
48,الفَتح,Al-Fatḥ,29,560,2474,511,515,26,19.31,4.42
49,الحُجُرَات,Al-Ḥujurāt,18,347,1507,515,517,26,19.28,4.34
50,قٓ,Qāf,45,373,1484,518,520,26,8.29,3.98
51,الذَّاريَات,Adh-Dhāriyāt,60,360,1520,520,523,26,6,4.22
52,الطُّور,Aṭ-Ṭūr,47,312,1301,523,525,27,6.64,4.17
53,النَّجم,An-Najm,61,360,1412,526,528,27,5.9,3.92
54,القَمَر,Al-Qamar,55,342,1456,528,531,27,6.22,4.26
55,الرَّحمٰن,Ar-Raḥmān,77,351,1639,531,534,27,4.56,4.67
56,الوَاقِعة,Al-Wāqi‘ah,99,379,1704,534,537,27,3.83,4.5
57,الحدِيد,Al-Ḥadīd,28,573,2499,537,541,27,20.46,4.36
58,المُجَادلة,Al-Mujādilah,21,472,2006,542,545,28,22.48,4.25
59,الحَشر,Al-Ḥashr,24,445,1931,545,548,28,18.54,4.34
60,المُمتَحنَة,Al-Mumtaḥanah,13,348,1537,549,551,28,26.77,4.42
61,الصَّف,Aṣ-Ṣaff,14,221,945,551,552,28,15.79,4.28
62,الجُمعَة,Al-Jumu‘ah,11,175,754,553,554,28,15.91,4.31
63,المُنَافِقُونَ,Al-Munāfiqūn,11,180,787,554,555,28,16.36,4.37
64,التغَابُن,At-Taghābun,18,241,1069,556,557,28,13.39,4.44
65,الطَّلَاق,Aṭ-Ṭalāq,12,287,1180,558,559,28,23.92,4.11
66,التَّحرِيم,At-Taḥrīm,12,249,1075,560,561,28,20.75,4.32
67,المُلك,Al-Mulk,31,333,1326,562,564,29,10.74,3.98
68,القَلَم,Al-Qalam,52,300,1260,564,566,29,5.77,4.2
69,الحَاقة,Al-Ḥāqqah,52,258,1111,566,568,29,4.96,4.31
70,المَعَارج,Al-Ma‘ārij,44,217,949,568,570,29,4.93,4.37
71,نُوح,Nūḥ,30,226,952,570,571,29,7.53,4.21
72,الجِن,Al-Jinn,28,286,1096,572,573,29,10.21,3.83
73,المُزمل,Al-Muzzammil,18,199,849,574,575,29,11.06,4.27
74,المُدثر,Al-Muddaththir,55,255,1022,575,577,29,4.64,4.01
75,القِيَامة,Al-Qiyāmah,39,164,666,577,578,29,4.21,4.06
76,الإنسَان,Al-Insān,31,243,1075,578,580,29,7.84,4.42
77,المُرسَلات,Al-Mursalāt,50,181,819,580,581,29,3.62,4.52
78,النَّبَإ,An-Naba’,40,173,775,582,583,30,4.32,4.48
79,النَّازعَات,An-Nāzi‘āt,45,179,767,583,584,30,3.98,4.28
80,عَبَسَ,‘Abasa,42,133,546,585,586,30,3.17,4.11
81,التَّكوير,At-Takwīr,29,104,430,586,586,30,3.59,4.13
82,الانفِطَار,Al-Infiṭār,19,80,328,587,587,30,4.21,4.1
83,المُطَففين,Al-Muṭaffifīn,36,169,744,587,589,30,4.69,4.4
84,الانشِقَاق,Al-Inshiqāq,25,107,440,589,590,30,4.28,4.11
85,البُرُوج,Al-Burūj,22,109,463,590,590,30,4.95,4.25
86,الطَّارق,Aṭ-Ṭāriq,17,61,252,591,591,30,3.59,4.13
87,الأعلى,Al-A‘lā,19,72,295,591,592,30,3.79,4.1
88,الغَاشِية,Al-Ghāshiyah,26,92,379,592,593,30,3.54,4.12
89,الفَجر,Al-Fajr,32,137,574,593,594,30,4.28,4.19
90,البَلَد,Al-Balad,20,82,337,594,595,30,4.1,4.11
91,الشَّمس,Ash-Shams,15,54,251,595,595,30,3.6,4.65
92,اللَّيل,Al-Lail,21,71,313,595,596,30,3.38,4.41
93,الضُّحى,Aḍ-Ḍuḥā,11,40,164,596,596,30,3.64,4.1
94,الشَّرح,Ash-Sharḥ,8,27,102,596,597,30,3.38,3.78
95,التِّين,At-Tīn,8,34,157,597,597,30,4.25,4.62
96,العَلَق,Al-‘Alaq,20,72,282,597,598,30,3.6,3.92
97,القَدر,Al-Qadr,5,30,112,598,598,30,6,3.73
98,البَينَة,Al-Bayyinah,8,94,397,598,599,30,11.75,4.22
99,الزَّلزَلة,Az-Zalzalah,9,36,156,599,599,30,4,4.33
100,العَاديَات,Al-‘Ādiyāt,11,40,164,599,600,30,3.64,4.1
101,القَارعَة,Al-Qāri‘ah,10,36,158,600,600,30,3.6,4.39
102,التَّكاثُر,At-Takāthur,8,28,122,600,600,30,3.5,4.36
103,العَصر,Al-‘Aṣr,3,14,71,601,601,30,4.67,5.07
104,الهُمَزة,Al-Humazah,9,33,133,601,601,30,3.67,4.03
105,الفِيل,Al-Fīl,5,23,96,601,601,30,4.6,4.17
106,قُرَيش,Quraish,5,17,76,602,602,30,3.4,4.47
107,المَاعُون,Al-Mā‘ūn,6,25,113,602,602,30,4.17,4.52
108,الكَوثر,Al-Kauthar,3,10,42,602,602,30,3.33,4.2
109,الكافِرون,Al-Kāfirūn,6,26,95,603,603,30,4.33,3.65
110,النَّصر,An-Naṣr,3,19,80,603,603,30,6.33,4.21
111,المَسَد,Al-Masad,5,23,81,603,603,30,4.6,3.52
112,الإخلَاص,Al-Ikhlāṣ,4,15,47,604,604,30,3.75,3.13
113,الفَلَق,Al-Falaq,5,23,71,604,604,30,4.6,3.09
114,النَّاس,An-Nās,6,20,80,604,604,30,3.33,4
