rank,word,count,percent
1,فِے,1098,1.418
2,مَا,712,0.92
3,مِن,697,0.9
4,لَا,616,0.796
5,وَلَا,604,0.78
6,اَ۬لذِينَ,583,0.753
7,مِنَ,511,0.66
8,وَمَا,511,0.66
9,إِلَّا,453,0.585
10,إِنَّ,443,0.572
11,قَالَ,414,0.535
12,اَ۬للَّهَ,407,0.526
13,اَ۬للَّهُ,403,0.521
14,مِّن,366,0.473
15,عَلَىٰ,347,0.448
16,مِّنَ,342,0.442
17,ثُمَّ,337,0.435
18,اَ۬للَّهِ,333,0.43
19,كَانَ,323,0.417
20,ذَٰلِكَ,263,0.34
21,بِمَا,254,0.328
22,عَلَى,242,0.313
23,وَاللَّهُ,239,0.309
24,اِ۬للَّهِ,237,0.306
25,هُوَ,228,0.294
26,بِهِۦ,220,0.284
27,أَن,212,0.274
28,أَنْ,209,0.27
29,كَانُواْ,209,0.27
30,ءَامَنُواْ,202,0.261
31,إِن,191,0.247
32,اُ۬للَّهُ,177,0.229
33,فِيهَا,177,0.229
34,لَهُۥ,175,0.226
35,مِنْ,172,0.222
36,وَهُوَ,171,0.221
37,قَالُواْ,170,0.22
38,مَّا,162,0.209
39,وَالذِينَ,162,0.209
40,اِنَّ,161,0.208
41,لَهُمْ,155,0.2
42,إِلَىٰ,154,0.199
43,كَفَرُواْ,153,0.198
44,إِذَا,146,0.189
45,فَلَا,146,0.189
46,هَٰذَا,146,0.189
47,مَنْ,145,0.187
48,اِ۬لَارْضِ,144,0.186
49,كُنتُمْ,142,0.183
50,يَٰٓأَيُّهَا,142,0.183
51,وَمَنْ,137,0.177
52,وَمَآ,134,0.173
53,يَوْمَ,134,0.173
54,لَّا,133,0.172
55,اُ۬لذِينَ,132,0.17
56,مِنۢ,131,0.169
57,بِاللَّهِ,130,0.168
58,عَلَيْهِ,129,0.167
59,اَ۬لذِے,126,0.163
60,إِلَى,125,0.161
61,اُ۬للَّهَ,125,0.161
62,كُلِّ,125,0.161
63,هُمْ,125,0.161
64,إِنَّهُۥ,122,0.158
65,وَإِذَا,121,0.156
66,أَوْ,120,0.155
67,مَآ,117,0.151
68,قُلْ,114,0.147
69,وَإِن,112,0.145
70,عَن,110,0.142
71,لَكُمْ,109,0.141
72,وَهُمْ,108,0.139
73,إِذْ,106,0.137
74,مَن,105,0.136
75,اِلَّا,103,0.133
76,أُوْلَٰٓئِكَ,101,0.13
77,عِندَ,99,0.128
78,إِنَّا,97,0.125
79,اِ۬لذِينَ,96,0.124
80,اَوْ,95,0.123
81,حَتَّىٰ,95,0.123
82,فِيهِ,95,0.123
83,شَےْءٖ,92,0.119
84,قَدْ,92,0.119
85,عَلَيْهِمْ,91,0.118
86,اِ۬للَّهِۖ,88,0.114
87,فِےٓ,86,0.111
88,إِلَّآ,85,0.11
89,وَقَالَ,85,0.11
90,لِلهِ,84,0.108
91,وَكَانَ,84,0.108
92,دُونِ,83,0.107
93,لَمْ,83,0.107
94,بَعْدِ,82,0.106
95,مِّنْ,81,0.105
96,وَلَوْ,81,0.105
97,اِ۬لسَّمَٰوَٰتِ,80,0.103
98,عَلَىٰٓ,80,0.103
99,عَلَيْكُمْ,80,0.103
100,هُمُ,80,0.103
101,اِ۬للَّهُ,79,0.102
102,رَبِّ,79,0.102
103,فَلَمَّا,79,0.102
104,قُلِ,78,0.101
105,وَإِنَّ,78,0.101
106,قَالُوٓاْ,77,0.099
107,اَ۬للَّهِۖ,76,0.098
108,فَإِذَا,76,0.098
109,كَذَٰلِكَ,75,0.097
110,لَّمْ,74,0.096
111,وَلَقَدْ,74,0.096
112,بَلْ,72,0.093
113,سَبِيلِ,72,0.093
114,اُ۬للَّهِ,71,0.092
115,عَنِ,71,0.092
116,فَإِنَّ,71,0.092
117,فَمَا,71,0.092
118,أَنَّ,70,0.09
119,بَيْنَ,70,0.09
120,رَبِّكَ,70,0.09
121,لَكُم,70,0.09
122,وَمَن,70,0.09
123,إِنِّے,69,0.089
124,لَهُم,69,0.089
125,أَمْ,67,0.087
126,إِلَيْهِ,62,0.08
127,اَ۬لنَّاسِ,62,0.08
128,كَيْفَ,62,0.08
129,كُنَّا,62,0.08
130,يَعْلَمُونَۖ,60,0.077
131,إِنَّمَا,59,0.076
132,خَيْرٞ,59,0.076
133,رَبِّے,59,0.076
134,فَإِن,59,0.076
135,إِنْ,58,0.075
136,بَعْدَ,57,0.074
137,جَآءَ,57,0.074
138,وَالَارْضِ,57,0.074
139,وَمِنَ,57,0.074
140,خَلَقَ,56,0.072
141,لَكَ,56,0.072
142,وَإِذْ,56,0.072
143,يَعْلَمُ,56,0.072
144,أَعْلَمُ,55,0.071
145,إِلَيْكَ,55,0.071
146,اَ۬لسَّمَآءِ,55,0.071
147,مُوس۪ىٰ,55,0.071
148,نَحْنُ,55,0.071
149,شَآءَ,54,0.07
150,اُ۬لسَّمَٰوَٰتِ,53,0.068
151,وَعَمِلُواْ,53,0.068
152,وَلَآ,53,0.068
153,اِ۬لدُّنْي۪ا,52,0.067
154,رَبَّكَ,52,0.067
155,شَےْءٍ,52,0.067
156,عَلَيْكَ,52,0.067
157,لَنَا,52,0.067
158,مِمَّا,51,0.066
159,وَالَارْضِۖ,51,0.066
160,وَلَٰكِنَّ,51,0.066
161,اُ۬لذِے,50,0.065
162,اُ۬لصَّٰلِحَٰتِ,50,0.065
163,اِلَىٰ,50,0.065
164,لَعَلَّكُمْ,50,0.065
165,لِلذِينَ,50,0.065
166,مِّمَّا,50,0.065
167,كُلَّ,49,0.063
168,مَعَ,49,0.063
169,وَقَالُواْ,49,0.063
170,بِهَا,48,0.062
171,تَجْرِے,48,0.062
172,تَعْمَلُونَۖ,48,0.062
173,عَذَابٌ,48,0.062
174,قُلَ,48,0.062
175,لَآ,48,0.062
176,مِنْهَا,48,0.062
177,وَإِنْ,48,0.062
178,أَنتَ,47,0.061
179,جَهَنَّمَ,47,0.061
180,حَتَّىٰٓ,47,0.061
181,قُل,47,0.061
182,كُلُّ,47,0.061
183,هَلْ,47,0.061
184,يُومِنُونَ,47,0.061
185,اَ۬للَّهُۖ,46,0.059
186,فَأُوْلَٰٓئِكَ,46,0.059
187,يَوْمَئِذٖ,46,0.059
188,أَلَمْ,45,0.058
189,أَنزَلَ,45,0.058
190,أُنزِلَ,45,0.058
191,إِلَىٰٓ,45,0.058
192,قَبْلُ,45,0.058
193,مِنْهُمْ,45,0.058
194,هِيَ,45,0.058
195,وَأَنَّ,45,0.058
196,إِنَّهُمْ,44,0.057
197,جَعَلَ,44,0.057
198,رَّحِيمٞۖ,44,0.057
199,عَمَّا,44,0.057
200,كَمَا,44,0.057
201,وَلَقَدَ,44,0.057
202,وَلَمْ,44,0.057
203,وَيَوْمَ,44,0.057
204,يَعْمَلُونَۖ,44,0.057
205,يَّشَآءُ,44,0.057
206,بِمَآ,43,0.056
207,غَفُورٞ,43,0.056
208,لَكُمُ,43,0.056
209,لَهُمُ,43,0.056
210,لَوْ,43,0.056
211,مِنْهُ,43,0.056
212,عَلَيْهِم,42,0.054
213,مَّنْ,42,0.054
214,وَلَٰكِن,42,0.054
215,يَقُولُونَ,42,0.054
216,أَلَّا,41,0.053
217,أَنَ,41,0.053
218,بِغَيْرِ,41,0.053
219,تَعْلَمُونَۖ,41,0.053
220,رَبِّهِمْ,41,0.053
221,فِرْعَوْنَ,41,0.053
222,لِے,41,0.053
223,مِنكُمْ,41,0.053
224,ءَامَنُوٓاْ,40,0.052
225,إِنِّيَ,40,0.052
226,اَ۬لسَّمَٰوَٰتِ,40,0.052
227,اِ۬لذِے,40,0.052
228,اِ۬لَارْضِۖ,40,0.052
229,خَٰلِدِينَ,40,0.052
230,عَلَيْنَا,40,0.052
231,غَيْرَ,40,0.052
232,لَهُمُۥٓ,40,0.052
233,مِّنۢ,40,0.052
234,أَصْحَٰبُ,39,0.05
235,إِبْرَٰهِيمَ,39,0.05
236,بِالْحَقِّ,39,0.05
237,رَبَّنَا,39,0.05
238,مَنَ,39,0.05
239,يُحِبُّ,39,0.05
240,يُومِنُونَۖ,39,0.05
241,أَنَا,38,0.049
242,اَ۬لْعَزِيزُ,38,0.049
243,بِـَٔايَٰتِنَا,38,0.049
244,بِهِۦۖ,38,0.049
245,رَبُّكَ,38,0.049
246,عَلِيمٞۖ,38,0.049
247,لَيْسَ,38,0.049
248,هَٰٓؤُلَآءِ,38,0.049
249,وَأَنتُمْ,38,0.049
250,وَاتَّقُواْ,38,0.049
251,وَالَارْضَ,38,0.049
252,وَكَذَٰلِكَ,38,0.049
253,يَٰقَوْمِ,38,0.049
254,يَّشَآءُۖ,38,0.049
255,إِلَٰهَ,37,0.048
256,إِنَّكَ,37,0.048
257,اُ۬لْكِتَٰبَ,37,0.048
258,جَنَّٰتٖ,37,0.048
259,عَذَابَ,37,0.048
260,فَقَدْ,37,0.048
261,كَذَّبُواْ,37,0.048
262,اَ۬لذِےٓ,36,0.046
263,اَ۬لْقِيَٰمَةِ,36,0.046
264,عَنْهُمْ,36,0.046
265,كُنتُم,36,0.046
266,هُم,36,0.046
267,هُوَۖ,36,0.046
268,وَإِنَّا,36,0.046
269,وَجَعَلْنَا,36,0.046
270,يَهْدِے,36,0.046
271,بِالْحَقِّۖ,35,0.045
272,فَبِأَيِّ,35,0.045
273,فَمَن,35,0.045
274,فِيهَاۖ,35,0.045
275,كُنتَ,35,0.045
276,لِّقَوْمٖ,35,0.045
277,إِسْرَآءِيلَ,34,0.044
278,بِـَٔايَٰتِ,34,0.044
279,تَحْتِهَا,34,0.044
280,تَعْمَلُونَ,34,0.044
281,عَلَيْهَا,34,0.044
282,قِيلَ,34,0.044
283,وَلَهُمْ,34,0.044
284,اَ۬لْكِتَٰبَ,33,0.043
285,اِ۬لْعَٰلَمِينَۖ,33,0.043
286,بِكُلِّ,33,0.043
287,فَهُمْ,33,0.043
288,لَعَلَّهُمْ,33,0.043
289,لِلنَّاسِ,33,0.043
290,مِّنْهُمْ,33,0.043
291,هَٰذَآ,33,0.043
292,ءَالَآءِ,32,0.041
293,اَ۬لنَّاسُ,32,0.041
294,فِيهِۖ,32,0.041
295,كَثِيراٗ,32,0.041
296,لَكُمُۥٓ,32,0.041
297,لَهَا,32,0.041
298,أَفَلَا,31,0.04
299,أُوتُواْ,31,0.04
300,ا۟وْلَٰٓئِكَ,31,0.04
301,بَنِےٓ,31,0.04
302,تَرَ,31,0.04
303,رَبِّكُمَا,31,0.04
304,صَٰدِقِينَۖ,31,0.04
305,عَلَيْهِمُ,31,0.04
306,يَقُولُ,31,0.04
307,اَ۬لنَّاسَ,30,0.039
308,بِهِۦٓ,30,0.039
309,خَيْراٗ,30,0.039
310,شَئْاٗ,30,0.039
311,قَلِيلاٗ,30,0.039
312,لَهُ,30,0.039
313,لِمَنْ,30,0.039
314,لَّهُۥ,30,0.039
315,وَقَدْ,30,0.039
316,وَكَانُواْ,30,0.039
317,وَلَمَّا,30,0.039
318,يَوْمِ,30,0.039
319,حَيْثُ,29,0.037
320,عَذَابٞ,29,0.037
321,عَنْهُ,29,0.037
322,لِّلذِينَ,29,0.037
323,يُرِيدُ,29,0.037
324,أَنفُسَهُمْ,28,0.036
325,اَ۬لَانْهَٰرُ,28,0.036
326,اَ۬لْمُومِنِينَ,28,0.036
327,اِ۬لَاخِرَةِ,28,0.036
328,اِ۬لْكِتَٰبِ,28,0.036
329,بِهِ,28,0.036
330,تُكَذِّبَانِۖ,28,0.036
331,جَعَلْنَا,28,0.036
332,صَٰلِحاٗ,28,0.036
333,فَإِنَّمَا,28,0.036
334,فَهُوَ,28,0.036
335,وَإِنَّهُۥ,28,0.036
336,وَجَعَلَ,28,0.036
337,وَمِن,28,0.036
338,وَيَقُولُونَ,28,0.036
339,أَوَلَمْ,27,0.035
340,اَ۬لَارْضِ,27,0.035
341,اَ۬لِانسَٰنَ,27,0.035
342,اَ۬لْكِتَٰبِ,27,0.035
343,اُ۬لْحَكِيمُۖ,27,0.035
344,اِن,27,0.035
345,اِنَّا,27,0.035
346,تِلْكَ,27,0.035
347,شَئْاٗۖ,27,0.035
348,ظَلَمُواْ,27,0.035
349,عَلَيْهِمُۥٓ,27,0.035
350,عَٰقِبَةُ,27,0.035
351,فَقَالَ,27,0.035
352,لَأٓيَٰتٖ,27,0.035
353,لَفِے,27,0.035
354,وَلَوَ,27,0.035
355,وَلِلهِ,27,0.035
356,أَنتُمْ,26,0.034
357,اَنَّ,26,0.034
358,اُ۬لرَّحِيمُۖ,26,0.034
359,اُ۬لصَّلَوٰةَ,26,0.034
360,اِنَّمَا,26,0.034
361,رَبَّنَآ,26,0.034
362,عَلَيْكُمُۥٓ,26,0.034
363,فَسَوْفَ,26,0.034
364,لَقَدْ,26,0.034
365,مِّنْهُ,26,0.034
366,وَفِے,26,0.034
367,ءَامَنَّا,25,0.032
368,إِنَ,25,0.032
369,إِنَّآ,25,0.032
370,اَلَمْ,25,0.032
371,اَلِيمٞۖ,25,0.032
372,اُ۬للَّهُۖ,25,0.032
373,اِ۬للَّهَ,25,0.032
374,تَعْقِلُونَۖ,25,0.032
375,ذُو,25,0.032
376,شَےْءٖۖ,25,0.032
377,فِيهَآ,25,0.032
378,قَبْلُۖ,25,0.032
379,قَبْلِ,25,0.032
380,قَبْلِكَ,25,0.032
381,مُّبِينٞۖ,25,0.032
382,وَأَمَّا,25,0.032
383,وَأُوْلَٰٓئِكَ,25,0.032
384,وَمَنَ,25,0.032
385,أَكْثَرَ,24,0.031
386,أَلَا,24,0.031
387,اَنْ,24,0.031
388,عَلِيمُۢ,24,0.031
389,قَدِيرٞۖ,24,0.031
390,قَوْماٗ,24,0.031
391,لَمَّا,24,0.031
392,مُوس۪ىٰٓ,24,0.031
393,مُّومِنِينَۖ,24,0.031
394,إِذَآ,23,0.03
395,بِأَنَّهُمْ,23,0.03
396,بِإِذْنِ,23,0.03
397,خَٰلِدُونَۖ,23,0.03
398,عَذَاباٗ,23,0.03
399,عَلَيْكُم,23,0.03
400,لَكُمْۖ,23,0.03
401,لَّكُمْ,23,0.03
402,هَٰذِهِ,23,0.03
403,وَعَلَى,23,0.03
404,وَهُم,23,0.03
405,أَوَ,22,0.028
406,إِذاٗ,22,0.028
407,إِلَيْهِمْ,22,0.028
408,اَمْ,22,0.028
409,اَ۬لظَّٰلِمِينَۖ,22,0.028
410,اُ۬للَّهَۖ,22,0.028
411,اُ۬لْعَلِيمُۖ,22,0.028
412,اِ۬لْقَوْمَ,22,0.028
413,جَمِيعاٗ,22,0.028
414,عَنَ,22,0.028
415,فَلَمَّآ,22,0.028
416,قَوْمٞ,22,0.028
417,كَفَرُوٓاْ,22,0.028
418,لَن,22,0.028
419,مَنِ,22,0.028
420,هُدىٗ,22,0.028
421,وَإِلَيْهِ,22,0.028
422,وَلَئِن,22,0.028
423,وَمِنْهُم,22,0.028
424,إِلَيَّ,21,0.027
425,اَرْسَلْنَا,21,0.027
426,اِ۬لْحَيَوٰةِ,21,0.027
427,بَلَ,21,0.027
428,بِالْبَيِّنَٰتِ,21,0.027
429,تَدْعُونَ,21,0.027
430,رَّبِّكَ,21,0.027
431,ضَلَٰلٖ,21,0.027
432,عَظِيمٞۖ,21,0.027
433,عِندِ,21,0.027
434,فَأَمَّا,21,0.027
435,فَمَنْ,21,0.027
436,كَذَّبَ,21,0.027
437,لَمِنَ,21,0.027
438,لِّمَا,21,0.027
439,وَالْيَوْمِ,21,0.027
440,أَخَافُ,20,0.026
441,أَرْسَلْنَا,20,0.026
442,اَ۬لدُّنْي۪ا,20,0.026
443,اَ۬لْقَوْمِ,20,0.026
444,اِذْ,20,0.026
445,اِ۬لتِے,20,0.026
446,اِ۬لدُّنْي۪اۖ,20,0.026
447,خَيْرُ,20,0.026
448,ذَٰلِكُمْ,20,0.026
449,قَبْلَ,20,0.026
450,لَوْلَآ,20,0.026
451,مَآءٗ,20,0.026
452,مَرْيَمَ,20,0.026
453,مَعَهُۥ,20,0.026
454,مَّآ,20,0.026
455,مُّبِينٖۖ,20,0.026
456,وَكَف۪ىٰ,20,0.026
457,يَعْلَمُونَ,20,0.026
458,اَ۬لسَّمِيعُ,19,0.025
459,اَ۬لْمُومِنِينَۖ,19,0.025
460,اُ۬للَّهِۖ,19,0.025
461,اُ۬لَايَٰتِ,19,0.025
462,اِذَا,19,0.025
463,بَيْنَهُمْ,19,0.025
464,بِالَاخِرَةِ,19,0.025
465,بِهِمْ,19,0.025
466,تَشْكُرُونَۖ,19,0.025
467,تَكُونُواْ,19,0.025
468,تُرْجَعُونَۖ,19,0.025
469,حَكِيمٞۖ,19,0.025
470,ذِے,19,0.025
471,رَبُّ,19,0.025
472,رَّبِّكُمْ,19,0.025
473,صِرَٰطٖ,19,0.025
474,عَنْهَا,19,0.025
475,غَيْرُ,19,0.025
476,فِيمَا,19,0.025
477,قَدَ,19,0.025
478,كَانُوٓاْ,19,0.025
479,كُلّٞ,19,0.025
480,لَهُۥٓ,19,0.025
481,لَّهُمْ,19,0.025
482,مُلْكُ,19,0.025
483,نَجْزِے,19,0.025
484,يَعْقِلُونَۖ,19,0.025
485,اِنْ,18,0.023
486,اٰمَنَ,18,0.023
487,بِكُمْ,18,0.023
488,تَوَلَّوْاْ,18,0.023
489,خَلَقْنَا,18,0.023
490,رَّبِّ,18,0.023
491,عَلِيمٌ,18,0.023
492,لِلهِۖ,18,0.023
493,مَّن,18,0.023
494,مُّسْتَقِيمٖۖ,18,0.023
495,هُمُۥٓ,18,0.023
496,وَاعْلَمُوٓاْ,18,0.023
497,يَكُن,18,0.023
498,أَلَآ,17,0.022
499,أَنَّهُمْ,17,0.022
500,إِذَ,17,0.022
501,اَ۬لْحَقُّ,17,0.022
502,اَ۬لْقُرْءَانَ,17,0.022
503,اَ۬لْقِيَٰمَةِۖ,17,0.022
504,اُ۬لْعَذَابَ,17,0.022
505,اِ۬لسَّمَآءِ,17,0.022
506,بَل,17,0.022
507,بِهَاۖ,17,0.022
508,تَذَّكَّرُونَۖ,17,0.022
509,حَرَّمَ,17,0.022
510,دُونِهِۦ,17,0.022
511,ذَٰلِكَۖ,17,0.022
512,رَحْمَةٗ,17,0.022
513,سَبِيلاٗۖ,17,0.022
514,عَلَيْكُمُ,17,0.022
515,فَاتَّقُواْ,17,0.022
516,فِرْعَوْنُ,17,0.022
517,قَبْلِهِمْ,17,0.022
518,قَوْمِهِۦ,17,0.022
519,لَهُوَ,17,0.022
520,نَذِيرٞ,17,0.022
521,وَإِلَى,17,0.022
522,وَرَسُولَهُۥ,17,0.022
523,وَعْدَ,17,0.022
524,وَلَوْلَا,17,0.022
525,يَرْجِعُونَۖ,17,0.022
526,يَشْعُرُونَۖ,17,0.022
527,يَكُونُ,17,0.022
528,أَشَدُّ,16,0.021
529,أَوَّلَ,16,0.021
530,اَهْلِ,16,0.021
531,اَ۬لصَّٰلِحِينَۖ,16,0.021
532,اَ۬لنَّبِےٓءُ,16,0.021
533,اَ۬لْفَوْزُ,16,0.021
534,اَ۬لْمَصِيرُۖ,16,0.021
535,اُ۬لشَّيْطَٰنُ,16,0.021
536,اُ۬لْعَظِيمُۖ,16,0.021
537,اُ۬لْكِتَٰبِ,16,0.021
538,اٰتَيْنَا,16,0.021
539,بَعْضٖ,16,0.021
540,بَلِ,16,0.021
541,تَكُن,16,0.021
542,تُتْل۪ىٰ,16,0.021
543,جُنَاحَ,16,0.021
544,ذَا,16,0.021
545,رَبِّهِۦ,16,0.021
546,سَمِعْنَا,16,0.021
547,عَلَيْهِمْۖ,16,0.021
548,عَنْ,16,0.021
549,عَنْهُم,16,0.021
550,فَكَيْفَ,16,0.021
551,قَالَتْ,16,0.021
552,كَانَتْ,16,0.021
553,كَفَرَ,16,0.021
554,لَوَ,16,0.021
555,مِّنكُمْ,16,0.021
556,نَفْسٖ,16,0.021
557,نُوحٖ,16,0.021
558,وَكُنَّا,16,0.021
559,يَدْعُونَ,16,0.021
560,يَشَآءُۖ,16,0.021
561,يُوح۪ىٰٓ,16,0.021
562,أَجَلٖ,15,0.019
563,أَكْثَرَهُمْ,15,0.019
564,أَنَّهُۥ,15,0.019
565,أَوْلِيَآءَ,15,0.019
566,إِلَيْكَۖ,15,0.019
567,إِنَّكُمْ,15,0.019
568,إِنَّمَآ,15,0.019
569,اَظْلَمُ,15,0.019
570,اَن,15,0.019
571,اَ۬لنّ۪ارِ,15,0.019
572,اَ۬لَارْضَ,15,0.019
573,اَ۬لْجِنِّ,15,0.019
574,اَ۬لْكٰ۪فِرِينَۖ,15,0.019
575,اَ۬لْيَوْمَ,15,0.019
576,اُ۬لتِے,15,0.019
577,اُ۬لظَّٰلِمُونَۖ,15,0.019
578,اُ۬ليْلَ,15,0.019
579,اُ۬لَاوَّلِينَۖ,15,0.019
580,اُ۬لْعَذَابُ,15,0.019
581,اِنَ,15,0.019
582,اِ۬لنّ۪ارِ,15,0.019
583,اِ۬لَاخِرِ,15,0.019
584,اِ۬لْحَمْدُ,15,0.019
585,بَعْضٖۖ,15,0.019
586,بَل۪ىٰ,15,0.019
587,بَيْنَكُمْ,15,0.019
588,بَيْنَهُمَا,15,0.019
589,تَعْلَمُونَ,15,0.019
590,تَكُونَ,15,0.019
591,جَآءَهُم,15,0.019
592,رَبُّكُمْ,15,0.019
593,رَبُّنَا,15,0.019
594,رَبِّيَ,15,0.019
595,سَمِيعٌ,15,0.019
596,شَدِيدُ,15,0.019
597,عَدُوّٞ,15,0.019
598,عَزِيزٌ,15,0.019
599,عَلَيَّ,15,0.019
600,عَلَيْهِۖ,15,0.019
601,عَلِيمٌۖ,15,0.019
602,غَفُوراٗ,15,0.019
603,فَإِنَّهُۥ,15,0.019
604,فَمَآ,15,0.019
605,فَهَلْ,15,0.019
606,كَمَآ,15,0.019
607,كَٰفِرُونَۖ,15,0.019
608,كُلُواْ,15,0.019
609,كُنتُ,15,0.019
610,لِمَ,15,0.019
611,لَّآ,15,0.019
612,مِنْهُم,15,0.019
613,هَٰذِهِۦ,15,0.019
614,وَبِيسَ,15,0.019
615,وَرَسُولِهِۦ,15,0.019
616,وَقِيلَ,15,0.019
617,وَلَن,15,0.019
618,وَنَحْنُ,15,0.019
619,وَهُدىٗ,15,0.019
620,يَنظُرُونَ,15,0.019
621,يَوْمٍ,15,0.019
622,يَوْمُ,15,0.019
623,ءَايَٰتِ,14,0.018
624,أَنتُم,14,0.018
625,أَنِ,14,0.018
626,أَوِ,14,0.018
627,أَيْدِيهِمْ,14,0.018
628,أُمَّةٖ,14,0.018
629,إِلَيْنَا,14,0.018
630,اَرَادَ,14,0.018
631,اَفَلَا,14,0.018
632,اَنتُمْ,14,0.018
633,اَ۬لتِے,14,0.018
634,اَ۬لظَّٰلِمِينَ,14,0.018
635,اَ۬لنّ۪ارِۖ,14,0.018
636,اَ۬لْكٰ۪فِرِينَ,14,0.018
637,اُ۬لنّ۪ارِ,14,0.018
638,اُ۬لْعِقَابِۖ,14,0.018
639,اُ۬لْمَلَٰٓئِكَةُ,14,0.018
640,اُ۬لْمُبِينُۖ,14,0.018
641,اُ۬لْيَوْمَ,14,0.018
642,اِنَّهُۥ,14,0.018
643,اِ۬لظَّٰلِمِينَۖ,14,0.018
644,بَعْضَ,14,0.018
645,بَيْنَهُمْۖ,14,0.018
646,بِأَنَّ,14,0.018
647,تَعْبُدُونَ,14,0.018
648,جَمِيعاٗۖ,14,0.018
649,حَقَّ,14,0.018
650,خَوْفٌ,14,0.018
651,خَيْرٖ,14,0.018
652,دُونِهِۦٓ,14,0.018
653,رَيْبَ,14,0.018
654,رَّبِّكَۖ,14,0.018
655,عَذَاباً,14,0.018
656,عَظِيماٗۖ,14,0.018
657,فَإِنْ,14,0.018
658,قَلِيلاٗۖ,14,0.018
659,كَذَّبَتْ,14,0.018
660,كَلَّا,14,0.018
661,لَنْ,14,0.018
662,لَهُمْۖ,14,0.018
663,لِقَوْمٖ,14,0.018
664,لِلْكٰ۪فِرِينَ,14,0.018
665,لَّكُمُۥٓ,14,0.018
666,لَّكُمْۖ,14,0.018
667,مِّنَّا,14,0.018
668,وَأَن,14,0.018
669,وَأَنتَ,14,0.018
670,وَأَنَا,14,0.018
671,وَهَٰذَا,14,0.018
672,وَيْلٞ,14,0.018
673,يَتَّقُونَۖ,14,0.018
674,يَدَيْهِ,14,0.018
675,يَسْتَهْزِءُونَۖ,14,0.018
676,يُشْرِكُونَۖ,14,0.018
677,ءَايَٰتُ,13,0.017
678,أَدْر۪يٰكَ,13,0.017
679,أَنفُسِهِمْ,13,0.017
680,أَنّ۪ىٰ,13,0.017
681,أُمَّةٗ,13,0.017
682,أُوْلُواْ,13,0.017
683,إِنَّهَا,13,0.017
684,اَ۪تَّخَذُواْ,13,0.017
685,اَ۬لصَّٰدِقِينَۖ,13,0.017
686,اَ۬لِانسَٰنُ,13,0.017
687,اَ۬لْحَقِّ,13,0.017
688,اُ۬لنَّاسَ,13,0.017
689,اُ۬لَارْضَ,13,0.017
690,اُ۬لْحَقُّ,13,0.017
691,اِلَٰهٍ,13,0.017
692,اِلَّآ,13,0.017
693,اِنَّآ,13,0.017
694,اِنَّمَآ,13,0.017
695,اِ۬لصُّدُورِۖ,13,0.017
696,اِ۬لَارْضَ,13,0.017
697,اِ۬لْعَظِيمِۖ,13,0.017
698,اِ۬لْقِيَٰمَةِ,13,0.017
699,اِ۬لْمُومِنِينَۖ,13,0.017
700,بَشَرٞ,13,0.017
701,بَصِيرٞۖ,13,0.017
702,بِـَٔايَٰتِنَآ,13,0.017
703,تَقُولُواْ,13,0.017
704,حَكِيماٗۖ,13,0.017
705,رَسُولاٗ,13,0.017
706,رَّحِيماٗۖ,13,0.017
707,سُبْحَٰنَ,13,0.017
708,شَكّٖ,13,0.017
709,عَذَابِ,13,0.017
710,عَظِيمٖۖ,13,0.017
711,عَلَيْكُمْۖ,13,0.017
712,عَمِلُواْ,13,0.017
713,فَإِنَ,13,0.017
714,فَوْقَ,13,0.017
715,قَوْلاٗ,13,0.017
716,قُلْنَا,13,0.017
717,كَثِيراٗۖ,13,0.017
718,كَفَرُواْۖ,13,0.017
719,كَمَثَلِ,13,0.017
720,كُتِبَ,13,0.017
721,لَوْلَا,13,0.017
722,لَّوْ,13,0.017
723,لِّكُلِّ,13,0.017
724,مَلَكَتَ,13,0.017
725,مُوسَى,13,0.017
726,هَلَ,13,0.017
727,وَأَطِيعُواْ,13,0.017
728,وَإِذَ,13,0.017
729,وَذَٰلِكَ,13,0.017
730,وَمِنْ,13,0.017
731,يَحْزَنُونَۖ,13,0.017
732,يَسْتَطِيعُونَ,13,0.017
733,يَعْمَلُونَ,13,0.017
734,يَفْعَلُونَۖ,13,0.017
735,يَكْسِبُونَۖ,13,0.017
736,يَٰٓأَهْلَ,13,0.017
737,يُنفِقُونَ,13,0.017
738,ءَايَٰتِهِۦ,12,0.015
739,أَجْراً,12,0.015
740,أَجْمَعِينَ,12,0.015
741,أَرْسَلْنَٰكَ,12,0.015
742,أَزْوَٰجاٗ,12,0.015
743,أَمَ,12,0.015
744,أَيَّامٖ,12,0.015
745,أَيْنَ,12,0.015
746,إِلَٰهٞ,12,0.015
747,اَهْلَكْنَا,12,0.015
748,اَ۬لرَّحْمَٰنُ,12,0.015
749,اَ۬لشَّيْطَٰنُ,12,0.015
750,اَ۬لصَّلَوٰةَ,12,0.015
751,اَ۬لنَّاسِۖ,12,0.015
752,اَ۬ليْلِ,12,0.015
753,اَ۬لْعَذَابِ,12,0.015
754,اَ۬لْمَلَأُ,12,0.015
755,اَ۬لْمُشْرِكِينَۖ,12,0.015
756,اُ۪تَّقُواْ,12,0.015
757,اُ۬لَارْضُ,12,0.015
758,اُ۬لْمُفْلِحُونَۖ,12,0.015
759,اِلَى,12,0.015
760,اِنِّے,12,0.015
761,اِ۬لنَّاسِ,12,0.015
762,بَعْدِهِۦ,12,0.015
763,بَيْنَهُم,12,0.015
764,بِذَاتِ,12,0.015
765,جَآءَهُمْ,12,0.015
766,حِينَ,12,0.015
767,حِينٖۖ,12,0.015
768,خَبِيرٞۖ,12,0.015
769,رَسُولٞ,12,0.015
770,رَّحِيمٌۖ,12,0.015
771,سَلَٰمٌ,12,0.015
772,سِحْرٞ,12,0.015
773,عَلِيماً,12,0.015
774,عِلْمٖ,12,0.015
775,عِندَهُۥ,12,0.015
776,فَرِيقٞ,12,0.015
777,فَضْلِهِۦ,12,0.015
778,فَلَمْ,12,0.015
779,فَيَقُولُ,12,0.015
780,قَبْلِكُمْ,12,0.015
781,قَرْيَةٍ,12,0.015
782,قُلُوبِهِم,12,0.015
783,قُلُوبِهِمْ,12,0.015
784,كِتَٰبٖ,12,0.015
785,لَأٓيَةٗ,12,0.015
786,لَئِن,12,0.015
787,لَنَآ,12,0.015
788,لِكُلِّ,12,0.015
789,لِمَا,12,0.015
790,لَّقَدْ,12,0.015
791,لَّنْ,12,0.015
792,مَاذَا,12,0.015
793,مِنكُم,12,0.015
794,مِّنِ,12,0.015
795,مِّنْهَا,12,0.015
796,مِّنْهُم,12,0.015
797,نَاراٗ,12,0.015
798,وَإِنِّے,12,0.015
799,وَعَلَىٰ,12,0.015
800,وَقُل,12,0.015
801,وَلَكُمْ,12,0.015
802,وَلِيّاٗ,12,0.015
803,يَظْلِمُونَۖ,12,0.015
804,يَفْتَرُونَۖ,12,0.015
805,يَوْمَئِذٍ,12,0.015
806,يُبَيِّنُ,12,0.015
807,يُرِيدُونَ,12,0.015
808,ءَادَمَ,11,0.014
809,ءَايَٰتُنَا,11,0.014
810,ءَايَٰتِنَا,11,0.014
811,أَجْمَعِينَۖ,11,0.014
812,أَحَداٗۖ,11,0.014
813,أَحْسَنَ,11,0.014
814,أَسْـَٔلُكُمْ,11,0.014
815,أَكْبَرُ,11,0.014
816,أَكْثَرُهُم,11,0.014
817,أَلَيْسَ,11,0.014
818,أَنزَلْنَا,11,0.014
819,أَنُ,11,0.014
820,أَنِّے,11,0.014
821,أَوْحَيْنَآ,11,0.014
822,إِلَيْكُمْ,11,0.014
823,اَنتُم,11,0.014
824,اَ۬لتِےٓ,11,0.014
825,اُ۬لَاخِرَةِ,11,0.014
826,اُ۬لِانسَٰنُ,11,0.014
827,اُ۬لْخَٰسِرُونَۖ,11,0.014
828,اِنَّكَ,11,0.014
829,اِ۪فْتَر۪ىٰ,11,0.014
830,اِ۬ليْلِ,11,0.014
831,اِ۬لْبَحْرِ,11,0.014
832,اِ۬لْحَرَامِ,11,0.014
833,بَصِيراٗۖ,11,0.014
834,بَعْضُهُمُۥٓ,11,0.014
835,بَيِّنَٰتٖ,11,0.014
836,بَيْنَنَا,11,0.014
837,بَيْنِے,11,0.014
838,بِالْمَعْرُوفِۖ,11,0.014
839,بِهَٰذَا,11,0.014
840,بِهِم,11,0.014
841,تَابَ,11,0.014
842,تَتَّقُونَۖ,11,0.014
843,تَجِدَ,11,0.014
844,تَكُونُ,11,0.014
845,تُفْلِحُونَۖ,11,0.014
846,جَآءَكَ,11,0.014
847,جَآءَهُمُ,11,0.014
848,جَزَآءُ,11,0.014
849,جَنَّٰتِ,11,0.014
850,جَهَنَّمُۖ,11,0.014
851,حَكِيمٌۖ,11,0.014
852,خَلَتْ,11,0.014
853,خَيْرٌ,11,0.014
854,رَبِّكَۖ,11,0.014
855,رَبِّنَا,11,0.014
856,سَآءَ,11,0.014
857,ضَلَّ,11,0.014
858,عَنكُمْ,11,0.014
859,فَأَنّ۪ىٰ,11,0.014
860,فَانظُرْ,11,0.014
861,فَضْلُ,11,0.014
862,فَقَالُواْ,11,0.014
863,فَلَآ,11,0.014
864,فَمَنِ,11,0.014
865,قَبْلِهِمْۖ,11,0.014
866,قَبْلِهِۦ,11,0.014
867,قَدِيرٌۖ,11,0.014
868,قَوْمُ,11,0.014
869,قَوْمِ,11,0.014
870,قَوْمٖ,11,0.014
871,كَبِيراٗۖ,11,0.014
872,لِّلهِ,11,0.014
873,مِنَّا,11,0.014
874,مِنْهُمُۥٓ,11,0.014
875,نَشَآءُ,11,0.014
876,وَءَاتُواْ,11,0.014
877,وَأَقِيمُواْ,11,0.014
878,وَأَنزَلَ,11,0.014
879,وَالنَّه۪ارِ,11,0.014
880,وَبَشِّرِ,11,0.014
881,وَتِلْكَ,11,0.014
882,وَسَخَّرَ,11,0.014
883,وَعَمِلَ,11,0.014
884,وَقَالُوٓاْ,11,0.014
885,وَلَهُ,11,0.014
886,وَلَٰكِنْ,11,0.014
887,وَيَعْلَمُ,11,0.014
888,يَسْتَوِے,11,0.014
889,يَسْمَعُونَ,11,0.014
890,يَٰبَنِےٓ,11,0.014
891,يُظْلَمُونَۖ,11,0.014
892,يُوسُفَ,11,0.014
893,يُومِنُ,11,0.014
894,أَحْسَنُ,10,0.013
895,إِبْرَٰهِيمُ,10,0.013
896,إِلَٰهاً,10,0.013
897,اَ۪بْنَ,10,0.013
898,اَ۬لرَّسُولِ,10,0.013
899,اَ۬لسَّاعَةَ,10,0.013
900,اَ۬لشَّمْسَ,10,0.013
901,اَ۬للَّهَۖ,10,0.013
902,اَ۬لْجَنَّةِ,10,0.013
903,اَ۬لْخَٰسِرِينَۖ,10,0.013
904,اَ۬لْعَٰلَمِينَۖ,10,0.013
905,اَ۬لْمُحْسِنِينَۖ,10,0.013
906,اُ۬لدُّنْي۪ا,10,0.013
907,اُ۬لرِّزْقَ,10,0.013
908,اُ۬لْغَيْبِ,10,0.013
909,اِنِّيَ,10,0.013
910,اِ۟عْبُدُواْ,10,0.013
911,اِ۬لْحَقِّ,10,0.013
912,اِ۬لْكَذِبَ,10,0.013
913,اِ۬لْمُحْسِنِينَۖ,10,0.013
914,بَغْتَةٗ,10,0.013
915,بِحَمْدِ,10,0.013
916,بِكَ,10,0.013
917,بِهَآ,10,0.013
918,تَابُواْ,10,0.013
919,ثَمَناٗ,10,0.013
920,جَآءَكُم,10,0.013
921,جَآءَكُمْ,10,0.013
922,خَبِيرُۢ,10,0.013
923,دَاوُۥدَ,10,0.013
924,ذَاتِ,10,0.013
925,ذِكْرِ,10,0.013
926,رَبَّكُمْ,10,0.013
927,رَبَّهُۥ,10,0.013
928,رَبِّهِمْۖ,10,0.013
929,رَّبِّكُمْۖ,10,0.013
930,رَّبِّهِمْ,10,0.013
931,سَبْعَ,10,0.013
932,شَئْاً,10,0.013
933,شَئْاًۖ,10,0.013
934,عَس۪ىٰٓ,10,0.013
935,غَيْرِ,10,0.013
936,فَإِذَآ,10,0.013
937,فَإِنَّهُمْ,10,0.013
938,فَالذِينَ,10,0.013
939,فَذُوقُواْ,10,0.013
940,فَلَن,10,0.013
941,قَوْماً,10,0.013
942,كِتَٰباٗ,10,0.013
943,لِلظَّٰلِمِينَ,10,0.013
944,لَّن,10,0.013
945,لِّلنَّاسِ,10,0.013
946,لِّلْمُكَذِّبِينَۖ,10,0.013
947,مَثَلاٗ,10,0.013
948,مَثَلُ,10,0.013
949,مِثْلَ,10,0.013
950,مِمَّنِ,10,0.013
951,مِنْهَاۖ,10,0.013
952,مِنْهُمْۖ,10,0.013
953,مَّغْفِرَةٞ,10,0.013
954,مُّبِيناٗۖ,10,0.013
955,مُّسَمّىٗۖ,10,0.013
956,مِّنْهُمُۥٓ,10,0.013
957,مِّنْهُۖ,10,0.013
958,نَزَّلَ,10,0.013
959,نَّحْنُ,10,0.013
960,هَٰذَاۖ,10,0.013
961,وَأَطِيعُونِۖ,10,0.013
962,وَإِمَّا,10,0.013
963,وَإِنَّهُمْ,10,0.013
964,وَالذِے,10,0.013
965,وَالْمَلَٰٓئِكَةُ,10,0.013
966,وَتَرَى,10,0.013
967,وَجَآءَ,10,0.013
968,وَعَدَ,10,0.013
969,وَكَذَّبُواْ,10,0.013
970,وَمِمَّا,10,0.013
971,وَهِيَ,10,0.013
972,وَيَقُولُ,10,0.013
973,وَّلِيّٖ,10,0.013
974,يَتَفَكَّرُونَۖ,10,0.013
975,يَجِدُونَ,10,0.013
976,يَحْكُمُ,10,0.013
977,يَرَوَاْ,10,0.013
978,يَرْجُونَ,10,0.013
979,يَمْلِكُونَ,10,0.013
980,يَٰمُوس۪ىٰٓ,10,0.013
981,يُحْيِۦ,10,0.013
982,يُغْنِے,10,0.013
983,يَّكُونَ,10,0.013
984,ءَالَ,9,0.012
985,أَسَٰطِيرُ,9,0.012
986,أَغْن۪ىٰ,9,0.012
987,أَمْراٗ,9,0.012
988,أَمْرُ,9,0.012
989,أَنَّمَا,9,0.012
990,أُوْلِے,9,0.012
991,إِذِ,9,0.012
992,اَجْرِيَ,9,0.012
993,اَلِيمٖۖ,9,0.012
994,اَ۬لرَّحْمَٰنِ,9,0.012
995,اَ۬لسَّمَآءَ,9,0.012
996,اَ۬لشَّيْطَٰنِ,9,0.012
997,اَ۬لنِّسَآءِ,9,0.012
998,اَ۬لْجَنَّةَ,9,0.012
999,اَ۬لْحَقَّ,9,0.012
1000,اَ۬لْغَفُورُ,9,0.012
